{
  "state_mean": [
    19.99764060974121,
    -363.6562805175781,
    0.0,
    7.437160015106201
  ],
  "state_std": [
    13.335336685180664,
    13.335336685180664,
    1.0,
    13.335336685180664
  ]
}